category,units,revenue,profit,unit_share,profit_share,margin,no_promo_margin,promo_margin
Streetwear,1586222,11769966386.35,1559186329.141472,0.5506008032925902,0.7669045138057102,0.13247160424771556,0.19733966049999568,-0.0011566914508201536
Outdoor,1048563,2232851645.07,366276887.74160576,0.36397151855344856,0.1801576843393793,0.1640399569538454,0.215713078356961,0.07330244241546946
GenZ,149837,308978941.36,58923302.40948609,0.052010609210408024,0.0289821336562486,0.19070329566840255,0.22930872132036378,0.09769510718007268
Casual,96271,412136275.8,48704042.926347315,0.033417068943553264,0.02395566819866195,0.11817460822104928,0.16250423095334005,0.015139279880013906
