cohort_quarter,0,1,2,3,4,5,6,7,8
Q1,1.0,0.18931347150259067,0.15,0.11224093264248705,0.11735751295336788,0.1858160621761658,0.15012953367875648,0.113860103626943,0.1158678756476684
Q2,1.0,0.12195686561981559,0.08472549095258304,0.08692464987075119,0.15625602839615726,0.11713414869400826,0.08291214938847949,0.08472549095258304,0.15718199004591227
Q3,1.0,0.14694033479197055,0.14433562547753004,0.23487532124748212,0.1960477877335556,0.14471764951031466,0.1494755851913593,0.23761894839202613,0.18969229700632076
Q4,1.0,0.1364921406762411,0.20586904896528327,0.17318783218364808,0.14276829130385615,0.14582155377134456,0.21632930001130837,0.17488408911003053,0.1478570620830035
