segment_label,No promotion,Promotion
Champions,0.205749,0.032882
Loyal,0.192676,0.007156
Potential,0.181634,-0.034819
Need Attention,0.193167,-0.029612
At Risk,0.198414,-0.056119
Lost,0.153339,3.1e-05
