segment_label,customers,profit,revenue,avg_profit,avg_revenue,avg_freq,avg_recency,avg_margin,avg_promo,avg_refund_rate,avg_rating,avg_units,avg_lifespan,customer_share,profit_share
Champions,22765,1587162443.224035,10490731577.01,69719.413276,460827.21621,17.646211,335.041863,0.159521,0.361238,0.025946,3.961497,88.409137,3251.522557,0.252978,0.708035
Loyal,12547,311099503.974177,2361460863.14,24794.732125,188209.20245,7.605085,686.454053,0.157962,0.334968,0.024926,3.969842,37.137563,2639.756117,0.13943,0.138782
Potential,12246,135971559.87098,1332730500.61,11103.344755,108829.862862,4.390658,733.361587,0.138905,0.352971,0.030765,3.954872,21.388127,2009.882737,0.136085,0.060657
Need Attention,10057,89863262.467346,799904829.73,8935.394498,79537.121381,3.249776,1241.809188,0.130036,0.363368,0.035801,3.968669,15.881277,1365.34553,0.111759,0.040088
At Risk,13394,73817003.258502,737830536.72,5511.199288,55086.646015,2.380544,1833.565178,0.129903,0.379303,0.036082,3.968257,11.742049,709.973048,0.148842,0.03293
Lost,18979,43730511.992516,517165947.56,2304.152589,27249.378132,1.274935,2698.216397,0.091959,0.47189,0.045149,3.971398,6.296275,151.087623,0.210906,0.019508
