feature_group,gain_importance,gain_share
Context/timing,0.5489529,0.5489529
Product intent,0.14966631,0.14966631
First basket economics,0.123167545,0.123167545
Conversion speed,0.111061126,0.111061126
Acquisition/channel,0.04402168,0.04402168
Post-purchase experience,0.020531235,0.020531235
Other,0.0025993057,0.0025993057
