{
  "Revenue": {
    "lgbm": 0.8499999999999999,
    "sarimax": 0.0,
    "naive": 0.15000000000000013
  },
  "COGS": {
    "lgbm": 0.9499999999999998,
    "sarimax": 0.0,
    "naive": 0.050000000000000155
  }
}