category,products,units,orders,revenue,gross_margin,discount_amount,promo_revenue,return_qty,refund_amount,n_reviews,avg_rating,revenue_share,gross_margin_rate,promo_revenue_share,return_rate_qty,refund_share
Casual,114,107469,23600,460648383.35,54103954.834541336,20363189.6,138691520.1,3499,14027094.37,3790,3.9232189973614777,0.02803621556271131,0.11745174148029783,0.3010789250824796,0.03255822609310592,0.030450762180016664
GenZ,111,166848,37054,343599095.36,65725297.20873251,14888919.71,100788725.17,5869,11145648.17,5792,3.922824585635359,0.02091230242600516,0.1912848377550877,0.29333233565239847,0.035175728807057924,0.03243794387270531
Outdoor,496,1170000,200454,2494882754.2,408520049.3625837,141485957.34,905670857.11,40417,78717514.88,41265,3.9338907064097905,0.15184481966866342,0.16374318539613228,0.36301139024884127,0.03454444444444445,0.03155158884620262
Streetwear,877,1768826,389543,13131346352.62,1738676764.9962785,572869253.45,4290286430.25,59801,406708249.13,62704,3.9393978055626437,0.7992066623426201,0.1324065878933559,0.3267209861838722,0.03380829996845365,0.0309723190759379
