order_source,orders,units,revenue,gross_margin,promo_revenue,revenue_share,gross_margin_rate,promo_revenue_share
organic_search,181495,900974,4595516710.89,635104309.0420659,1522084455.28,0.2796946690479558,0.13820084856552878,0.33121073233682624
paid_search,141652,703540,3606943186.84,496923803.0776425,1194409176.37,0.21952760579182254,0.1377686803858398,0.33114166608662543
social_media,129710,643456,3289598707.91,453262171.1110604,1078561934.76,0.2002132251481424,0.1377864631394612,0.3278703667309163
email_campaign,77572,386696,1972621080.36,274454703.422291,654196081.45,0.1200586647679623,0.13913199354647648,0.3316379856037077
referral,64565,321022,1640764179.79,223848073.8100082,543284655.48,0.09986102175727447,0.1364291569545712,0.3311168430977903
direct,51951,257455,1325032719.74,183433005.9390682,442901229.29,0.08064481348684253,0.13843658590941188,0.33425682452347805
