promo_channel,promoted_lines,customers,orders,units,revenue,gross_margin,discount_amount,gross_before_discount,avg_discount,avg_discount_value,gross_margin_rate,discount_rate,profit_per_customer
all_channels,127687,47382,111358,573839,2342617243.37,127219748.41024455,356487840.52,2699105083.89,2791.8882934049666,16.244519802329133,0.054306672919059995,0.13207631027326402,2684.980549792
email,41576,25336,37728,186689,900632255.19,92670637.2644422,97007691.08,997639946.27,2333.261763517414,10.860881277660189,0.1028950903439408,0.09723717604000788,3657.666453443409
social_media,31977,21817,29697,143667,689169237.88,18793910.220327854,124050461.9,813219699.78,3879.3652281327204,18.0,0.027270384670884426,0.15254237192428974,861.4342127848859
in_store,8905,5612,6920,39933,85675672.24,6476184.966064226,12851350.37,98527022.61,1443.1611869736103,15.0,0.07558954364458018,0.1304347784959418,1153.9887680085933
online,66171,35862,62539,297911,1417343123.95,-173149800.03441176,159209976.23,1576553100.18,2406.038539994862,26.163515739523355,-0.12216505453658941,0.10098611725277283,-4828.224862930449
