brand,products,units,revenue,gross_margin,promo_revenue,avg_days_supply,avg_sell_through,avg_overstock_rate,gross_margin_rate,promo_revenue_share
HanoiStreet,73,530071,1041961318.9200001,216186129.78386283,390787875.05,1921.0867517111246,0.12430477944916409,0.7840135142150976,0.20747999552223417,0.3750502710168303
VietMotion,43,305380,596766020.28,76523977.17796788,214898853.72,1499.7652793840955,0.11644247219300721,0.8037255788857073,0.12823112338410816,0.36010571382594875
VietMode,237,98283,355393826.12,57755259.5167738,121202146.01,208.02276398783593,0.22674168989203683,0.4545397886901227,0.16251058761294443,0.34103616073813187
MekongFit,61,150317,329526085.77,41437646.63171908,112441398.39999999,576.0594994546655,0.167183813852091,0.6603289207172925,0.12574921507319273,0.3412215398282033
UrbanVN,48,83982,160623527.47,15411208.938221693,62971329.65,688.6476273182743,0.14943374281460334,0.73452578436103,0.09594614924080831,0.3920430004362922
SaigonCore,10,893,4165246.41,596326.5015586035,1589331.28,130.41516165413535,0.23204593984962404,0.3043107769423559,0.14316716056148127,0.38156956961400995
DragonWear,20,886,3721836.05,362973.75462783506,1352497.19,91.67148268398269,0.26404849206349207,0.10333333333333332,0.09752545511182178,0.36339515546365886
SaigonFlex,4,188,2724893.18,246527.05785200026,427425.81,113.35178571428571,0.26415476190476195,0.38095238095238093,0.09047219159321329,0.15685965715544123
