model,train_rows,test_rows,mae,rmse,r2
HistGradientBoostingRegressor,52715,4394,3.6254654874438264,6.609550321760263,0.8722969779806423
Naive: current month units_sold,52715,4394,4.276058261265362,8.399083657238608,0.7937845682395922
