return_reason,share
wrong_size,0.3497083051653772
defective,0.20080622949998747
not_as_described,0.176143619019004
changed_mind,0.1735396479631438
late_delivery,0.09980219835248755
