return_reason,share
wrong_size,0.3493637724550898
defective,0.19947604790419163
changed_mind,0.17823727544910178
not_as_described,0.1779565868263473
late_delivery,0.09496631736526946
