promo_channel,exposed_customers,repeat_rate_90d,avg_next_orders_90d,avg_next_margin_90d,total_next_margin_90d,first_promo_margin
in_store,5612,0.4219529579472559,0.6799714896650035,2422.315519201216,13594034.693757223,5044168.783745001
email,25336,0.2986264603725924,0.43041521945058414,1572.7629383675708,39847521.80648077,61595692.13602795
social_media,21817,0.27405234450199384,0.377320438190402,862.669379760681,18820857.858238775,13846234.056467257
all_channels,47382,0.25005276265248405,0.34612300029547083,1226.4482599968628,58111571.455171354,51978972.62148174
online,35862,0.2455245106240589,0.33040544308739056,528.6919641621737,18959951.218783874,-103922818.917021
