category,units,profit,revenue,margin,stockout_rate,overstock_rate,fill_rate,sell_through,days_supply
Casual,96271,48704042.926347,412136275.8,0.118175,0.662004,0.725949,0.961823,0.16839,459.132629
GenZ,149837,58923302.409486,308978941.36,0.190703,0.682927,0.716303,0.961718,0.167978,718.812174
Outdoor,1048563,366276887.741606,2232851645.07,0.16404,0.673492,0.798527,0.962705,0.135084,1068.837815
Streetwear,1586222,1559186329.141472,11769966386.35,0.132472,0.673211,0.749259,0.960248,0.159754,887.136692
