{
  "customers":89988,
  "total_profit":2241644284.7875556946,
  "total_revenue":16239824254.7700004578,
  "top_1_profit_share":0.083219005,
  "top_5_profit_share":0.2800689213,
  "top_10_profit_share":0.4454284989,
  "top_20_profit_share":0.6648557432,
  "negative_profit_customers":9722,
  "m3_retention_best_month":"Jan",
  "m3_retention_best":8.9382448537,
  "m3_retention_worst_month":"Jun",
  "m3_retention_worst":3.0318536523,
  "negative_profit_share":0.1080366271,
  "negative_profit_total":-61730128.3871277198,
  "positive_profit_customers":80266,
  "xgboost_loyalty_auc":0.7309176273,
  "loyalty_positive_rate":0.5198470907,
  "q1_retention_best_quarter":"Q1",
  "q1_retention_best":18.9313471503,
  "q1_retention_worst_quarter":"Q2",
  "q1_retention_worst":12.195686562,
  "q2_retention_best_quarter":"Q4",
  "q2_retention_best":20.5869048965,
  "q2_retention_worst_quarter":"Q2",
  "q2_retention_worst":8.4725490953,
  "q4_retention_best_quarter":"Q3",
  "q4_retention_best":19.6047787734,
  "q4_retention_worst_quarter":"Q1",
  "q4_retention_worst":11.7357512953,
  "q8_retention_best_quarter":"Q3",
  "q8_retention_best":18.9692297006,
  "q8_retention_worst_quarter":"Q1",
  "q8_retention_worst":11.5867875648
}