segment_label,preferred_category,customers,share
Champions,Streetwear,16952,0.7446518778827147
Loyal,Streetwear,8586,0.6843070056587232
Potential,Streetwear,7809,0.6376776090151887
Need Attention,Streetwear,6353,0.631699313910709
At Risk,Streetwear,8089,0.603927131551441
Lost,Streetwear,10594,0.5581959007323885
