segment_label,return_order_rate,avg_shipping,avg_rating
Champions,0.058354,4.829285,3.945368
Loyal,0.06163,5.041317,3.945614
Potential,0.071181,5.102892,3.906965
Need Attention,0.07097,5.104964,3.930429
At Risk,0.074293,5.429176,3.897389
Lost,0.07925,5.747291,3.870622
