{
  "Revenue": {
    "model": 0.4,
    "seasonal": 0.30000000000000004,
    "doy": 0.29999999999999993
  },
  "COGS": {
    "model": 0.35000000000000003,
    "seasonal": 0.25,
    "doy": 0.3999999999999999
  }
}