source,target,model,n_folds,mae_mean,mae_std,rmse_mean,rmse_std,r2_mean,r2_std
direct_factory_cv,COGS,lgb,3,452323.7602203623,81482.07475324496,658184.9987205014,104465.47784478568,0.7849163764236637,0.04001697449292869
direct_factory_cv,COGS,doy_prior,3,1024714.2368050488,266729.33845055476,1301755.0899777375,275364.2696500145,0.12121582875678359,0.4121342754589036
direct_factory_cv,COGS,ridge,3,1620693.3563484557,942200.856239581,1910272.492575656,1024785.8899679127,-1.0865456454893485,1.5521048553142023
direct_factory_cv,Revenue,lgb,3,529737.7252480277,93476.53256620647,787706.2218672675,118390.67017825678,0.7642381776617339,0.04541531569075678
direct_factory_cv,Revenue,doy_prior,3,1240753.1841164841,314252.6994387882,1571138.6896964593,334087.3380111075,0.034618284964848346,0.40242602838466757
direct_factory_cv,Revenue,ridge,3,2014561.3863642784,1181149.1528979398,2381055.695484693,1264385.2382917835,-1.4501429524585918,1.8040312163840573
